{"ml-100k": {"means": {"Loss_mean": 0.9049030237089296, "RMSE_mean": 0.9511111193941655, "MAE_mean": 0.7502195721859901}}}