{"iris": {"means": {"accuracy": 0.9333333333333333, "precision": 0.9166666666666666, "recall": 0.9444444444444445, "f1_score": 0.9303482587064678}}, "wine": {"means": {"accuracy": 0.4294478527607362, "precision": 0.3598123231976773, "recall": 0.17590264058853358, "f1_score": 0.23628960191608306}}}